{"commitInfo":{"timestamp":1756756535550,"userId":"72631876083143","userName":"gabriel.aquino1608@gmail.com","operation":"WRITE","operationParameters":{"mode":"Overwrite","statsOnLoad":false,"partitionBy":"[]"},"notebook":{"notebookId":"1652168670128864"},"clusterId":"0901-194644-d1a2mt6w-v2n","isolationLevel":"WriteSerializable","isBlindAppend":false,"operationMetrics":{"numFiles":"1","numRemovedFiles":"0","numRemovedBytes":"0","numOutputRows":"7","numOutputBytes":"1263"},"tags":{"noRowsCopied":"true","restoresDeletedRows":"false"},"engineInfo":"Databricks-Runtime/17.1.x-photon-scala2.13","txnId":"66caab62-e06b-4172-a9bf-f5f059efb919"}}
{"metaData":{"id":"b06ea295-ddca-4dd4-b3f7-9ea06815dc98","format":{"provider":"parquet","options":{}},"schemaString":"{\"type\":\"struct\",\"fields\":[{\"name\":\"Safra\",\"type\":\"string\",\"nullable\":true,\"metadata\":{}},{\"name\":\"Mes\",\"type\":\"long\",\"nullable\":true,\"metadata\":{}},{\"name\":\"safra_id\",\"type\":\"long\",\"nullable\":true,\"metadata\":{}}]}","partitionColumns":[],"configuration":{"delta.enableDeletionVectors":"true"},"createdTime":1756756534347}}
{"protocol":{"minReaderVersion":3,"minWriterVersion":7,"readerFeatures":["deletionVectors"],"writerFeatures":["deletionVectors","appendOnly","invariants"]}}
{"add":{"path":"part-00000-7cf7d3c4-87c0-4c98-bbe0-84f206afbe04.c000.snappy.parquet","partitionValues":{},"size":1263,"modificationTime":1756756535000,"dataChange":true,"stats":"{\"numRecords\":7,\"minValues\":{\"Safra\":\"Milho (em grão) - 1ª safra\",\"Mes\":1,\"safra_id\":114253},\"maxValues\":{\"Safra\":\"Milho (em grão) - 2ª safra\",\"Mes\":12,\"safra_id\":114254},\"nullCount\":{\"Safra\":0,\"Mes\":0,\"safra_id\":0},\"tightBounds\":true}","tags":{"INSERTION_TIME":"1756756535000000","MIN_INSERTION_TIME":"1756756535000000","MAX_INSERTION_TIME":"1756756535000000","OPTIMIZE_TARGET_SIZE":"268435456"}}}
