{"commitInfo":{"timestamp":1756761111304,"userId":"72631876083143","userName":"gabriel.aquino1608@gmail.com","operation":"WRITE","operationParameters":{"mode":"Overwrite","statsOnLoad":false,"partitionBy":"[\"ano\",\"safra\"]"},"notebook":{"notebookId":"1652168670128864"},"clusterId":"0901-194644-d1a2mt6w-v2n","readVersion":1,"isolationLevel":"WriteSerializable","isBlindAppend":false,"operationMetrics":{"numFiles":"28","numRemovedFiles":"28","numRemovedBytes":"236520","numOutputRows":"41912","numOutputBytes":"236520"},"tags":{"noRowsCopied":"true","restoresDeletedRows":"false"},"engineInfo":"Databricks-Runtime/17.1.x-photon-scala2.13","txnId":"20260d78-abb8-4c92-a082-f222a7282766"}}
{"add":{"path":"ano=2010/safra=Milho%20(em%20grão)%20-%201ª%20safra/part-00000-3f32a151-5de8-438d-a72c-ba385b547865.c000.snappy.parquet","partitionValues":{"ano":"2010","safra":"Milho (em grão) - 1ª safra"},"size":11724,"modificationTime":1756761111000,"dataChange":true,"stats":"{\"numRecords\":2532,\"minValues\":{\"municipio_id\":3100104,\"safra_id\":114253,\"tipo_indicador\":\"Quantidade produzida\",\"valor\":0,\"_data_ingestao\":\"2025-09-01T21:10:06.075Z\"},\"maxValues\":{\"municipio_id\":3172202,\"safra_id\":114253,\"tipo_indicador\":\"Área plantada\",\"valor\":327750,\"_data_ingestao\":\"2025-09-01T21:10:06.075Z\"},\"nullCount\":{\"municipio_id\":0,\"safra_id\":0,\"tipo_indicador\":0,\"valor\":0,\"_data_ingestao\":0},\"tightBounds\":true}","tags":{"INSERTION_TIME":"1756761111000000","MIN_INSERTION_TIME":"1756761111000000","MAX_INSERTION_TIME":"1756761111000000","OPTIMIZE_TARGET_SIZE":"268435456"}}}
{"add":{"path":"ano=2019/safra=Milho%20(em%20grão)%20-%202ª%20safra/part-00001-2d70f5e8-3938-4c08-b7bf-b6df29d9e833.c000.snappy.parquet","partitionValues":{"ano":"2019","safra":"Milho (em grão) - 2ª safra"},"size":4062,"modificationTime":1756761111000,"dataChange":true,"stats":"{\"numRecords\":588,\"minValues\":{\"municipio_id\":3100104,\"safra_id\":114254,\"tipo_indicador\":\"Quantidade produzida\",\"valor\":3,\"_data_ingestao\":\"2025-09-01T21:10:06.075Z\"},\"maxValues\":{\"municipio_id\":3171709,\"safra_id\":114254,\"tipo_indicador\":\"Área plantada\",\"valor\":359700,\"_data_ingestao\":\"2025-09-01T21:10:06.075Z\"},\"nullCount\":{\"municipio_id\":0,\"safra_id\":0,\"tipo_indicador\":0,\"valor\":0,\"_data_ingestao\":0},\"tightBounds\":true}","tags":{"INSERTION_TIME":"1756761111000001","MIN_INSERTION_TIME":"1756761111000001","MAX_INSERTION_TIME":"1756761111000001","OPTIMIZE_TARGET_SIZE":"268435456"}}}
{"add":{"path":"ano=2023/safra=Milho%20(em%20grão)%20-%201ª%20safra/part-00002-d0e2b274-64c3-42a6-8924-897cad990aec.c000.snappy.parquet","partitionValues":{"ano":"2023","safra":"Milho (em grão) - 1ª safra"},"size":12967,"modificationTime":1756761111000,"dataChange":true,"stats":"{\"numRecords\":2538,\"minValues\":{\"municipio_id\":3100104,\"safra_id\":114253,\"tipo_indicador\":\"Quantidade produzida\",\"valor\":1,\"_data_ingestao\":\"2025-09-01T21:10:06.075Z\"},\"maxValues\":{\"municipio_id\":3172202,\"safra_id\":114253,\"tipo_indicador\":\"Área plantada\",\"valor\":225000,\"_data_ingestao\":\"2025-09-01T21:10:06.075Z\"},\"nullCount\":{\"municipio_id\":0,\"safra_id\":0,\"tipo_indicador\":0,\"valor\":0,\"_data_ingestao\":0},\"tightBounds\":true}","tags":{"INSERTION_TIME":"1756761111000002","MIN_INSERTION_TIME":"1756761111000002","MAX_INSERTION_TIME":"1756761111000002","OPTIMIZE_TARGET_SIZE":"268435456"}}}
{"add":{"path":"ano=2014/safra=Milho%20(em%20grão)%20-%201ª%20safra/part-00003-45373398-27a2-434f-9d5f-e7b86d9818ac.c000.snappy.parquet","partitionValues":{"ano":"2014","safra":"Milho (em grão) - 1ª safra"},"size":13464,"modificationTime":1756761111000,"dataChange":true,"stats":"{\"numRecords\":2515,\"minValues\":{\"municipio_id\":3100104,\"safra_id\":114253,\"tipo_indicador\":\"Quantidade produzida\",\"valor\":2,\"_data_ingestao\":\"2025-09-01T21:10:06.075Z\"},\"maxValues\":{\"municipio_id\":3172202,\"safra_id\":114253,\"tipo_indicador\":\"Área plantada\",\"valor\":362500,\"_data_ingestao\":\"2025-09-01T21:10:06.075Z\"},\"nullCount\":{\"municipio_id\":0,\"safra_id\":0,\"tipo_indicador\":0,\"valor\":0,\"_data_ingestao\":0},\"tightBounds\":true}","tags":{"INSERTION_TIME":"1756761111000003","MIN_INSERTION_TIME":"1756761111000003","MAX_INSERTION_TIME":"1756761111000003","OPTIMIZE_TARGET_SIZE":"268435456"}}}
{"add":{"path":"ano=2017/safra=Milho%20(em%20grão)%20-%201ª%20safra/part-00004-31ccc7e9-c7a8-4bcd-b074-a145d074e163.c000.snappy.parquet","partitionValues":{"ano":"2017","safra":"Milho (em grão) - 1ª safra"},"size":14363,"modificationTime":1756761111000,"dataChange":true,"stats":"{\"numRecords\":2523,\"minValues\":{\"municipio_id\":3100104,\"safra_id\":114253,\"tipo_indicador\":\"Quantidade produzida\",\"valor\":1,\"_data_ingestao\":\"2025-09-01T21:10:06.075Z\"},\"maxValues\":{\"municipio_id\":3172202,\"safra_id\":114253,\"tipo_indicador\":\"Área plantada\",\"valor\":252000,\"_data_ingestao\":\"2025-09-01T21:10:06.075Z\"},\"nullCount\":{\"municipio_id\":0,\"safra_id\":0,\"tipo_indicador\":0,\"valor\":0,\"_data_ingestao\":0},\"tightBounds\":true}","tags":{"INSERTION_TIME":"1756761111000004","MIN_INSERTION_TIME":"1756761111000004","MAX_INSERTION_TIME":"1756761111000004","OPTIMIZE_TARGET_SIZE":"268435456"}}}
{"add":{"path":"ano=2022/safra=Milho%20(em%20grão)%20-%201ª%20safra/part-00005-2b4cca51-c0d7-4d59-9631-bd4fbc0798d8.c000.snappy.parquet","partitionValues":{"ano":"2022","safra":"Milho (em grão) - 1ª safra"},"size":13768,"modificationTime":1756761111000,"dataChange":true,"stats":"{\"numRecords\":2541,\"minValues\":{\"municipio_id\":3100104,\"safra_id\":114253,\"tipo_indicador\":\"Quantidade produzida\",\"valor\":1,\"_data_ingestao\":\"2025-09-01T21:10:06.075Z\"},\"maxValues\":{\"municipio_id\":3172202,\"safra_id\":114253,\"tipo_indicador\":\"Área plantada\",\"valor\":357000,\"_data_ingestao\":\"2025-09-01T21:10:06.075Z\"},\"nullCount\":{\"municipio_id\":0,\"safra_id\":0,\"tipo_indicador\":0,\"valor\":0,\"_data_ingestao\":0},\"tightBounds\":true}","tags":{"INSERTION_TIME":"1756761111000005","MIN_INSERTION_TIME":"1756761111000005","MAX_INSERTION_TIME":"1756761111000005","OPTIMIZE_TARGET_SIZE":"268435456"}}}
{"add":{"path":"ano=2018/safra=Milho%20(em%20grão)%20-%202ª%20safra/part-00006-e20c80be-d1ea-4722-a43e-d22252be4502.c000.snappy.parquet","partitionValues":{"ano":"2018","safra":"Milho (em grão) - 2ª safra"},"size":3853,"modificationTime":1756761111000,"dataChange":true,"stats":"{\"numRecords\":513,\"minValues\":{\"municipio_id\":3100104,\"safra_id\":114254,\"tipo_indicador\":\"Quantidade produzida\",\"valor\":3,\"_data_ingestao\":\"2025-09-01T21:10:06.075Z\"},\"maxValues\":{\"municipio_id\":3171709,\"safra_id\":114254,\"tipo_indicador\":\"Área plantada\",\"valor\":182400,\"_data_ingestao\":\"2025-09-01T21:10:06.075Z\"},\"nullCount\":{\"municipio_id\":0,\"safra_id\":0,\"tipo_indicador\":0,\"valor\":0,\"_data_ingestao\":0},\"tightBounds\":true}","tags":{"INSERTION_TIME":"1756761111000006","MIN_INSERTION_TIME":"1756761111000006","MAX_INSERTION_TIME":"1756761111000006","OPTIMIZE_TARGET_SIZE":"268435456"}}}
{"add":{"path":"ano=2014/safra=Milho%20(em%20grão)%20-%202ª%20safra/part-00007-621b1f22-08d9-4541-8e41-5045e662f6b9.c000.snappy.parquet","partitionValues":{"ano":"2014","safra":"Milho (em grão) - 2ª safra"},"size":3709,"modificationTime":1756761111000,"dataChange":true,"stats":"{\"numRecords\":492,\"minValues\":{\"municipio_id\":3100104,\"safra_id\":114254,\"tipo_indicador\":\"Quantidade produzida\",\"valor\":4,\"_data_ingestao\":\"2025-09-01T21:10:06.075Z\"},\"maxValues\":{\"municipio_id\":3171709,\"safra_id\":114254,\"tipo_indicador\":\"Área plantada\",\"valor\":184800,\"_data_ingestao\":\"2025-09-01T21:10:06.075Z\"},\"nullCount\":{\"municipio_id\":0,\"safra_id\":0,\"tipo_indicador\":0,\"valor\":0,\"_data_ingestao\":0},\"tightBounds\":true}","tags":{"INSERTION_TIME":"1756761111000007","MIN_INSERTION_TIME":"1756761111000007","MAX_INSERTION_TIME":"1756761111000007","OPTIMIZE_TARGET_SIZE":"268435456"}}}
{"add":{"path":"ano=2020/safra=Milho%20(em%20grão)%20-%202ª%20safra/part-00008-0c9feeb5-5734-4bf7-9b25-e5a73636ddd5.c000.snappy.parquet","partitionValues":{"ano":"2020","safra":"Milho (em grão) - 2ª safra"},"size":3853,"modificationTime":1756761111000,"dataChange":true,"stats":"{\"numRecords\":510,\"minValues\":{\"municipio_id\":3100104,\"safra_id\":114254,\"tipo_indicador\":\"Quantidade produzida\",\"valor\":2,\"_data_ingestao\":\"2025-09-01T21:10:06.075Z\"},\"maxValues\":{\"municipio_id\":3171709,\"safra_id\":114254,\"tipo_indicador\":\"Área plantada\",\"valor\":315000,\"_data_ingestao\":\"2025-09-01T21:10:06.075Z\"},\"nullCount\":{\"municipio_id\":0,\"safra_id\":0,\"tipo_indicador\":0,\"valor\":0,\"_data_ingestao\":0},\"tightBounds\":true}","tags":{"INSERTION_TIME":"1756761111000008","MIN_INSERTION_TIME":"1756761111000008","MAX_INSERTION_TIME":"1756761111000008","OPTIMIZE_TARGET_SIZE":"268435456"}}}
{"add":{"path":"ano=2015/safra=Milho%20(em%20grão)%20-%202ª%20safra/part-00009-de2c385d-17ea-498e-b885-c7c1860a9d39.c000.snappy.parquet","partitionValues":{"ano":"2015","safra":"Milho (em grão) - 2ª safra"},"size":3772,"modificationTime":1756761111000,"dataChange":true,"stats":"{\"numRecords\":519,\"minValues\":{\"municipio_id\":3100104,\"safra_id\":114254,\"tipo_indicador\":\"Quantidade produzida\",\"valor\":2,\"_data_ingestao\":\"2025-09-01T21:10:06.075Z\"},\"maxValues\":{\"municipio_id\":3171709,\"safra_id\":114254,\"tipo_indicador\":\"Área plantada\",\"valor\":180000,\"_data_ingestao\":\"2025-09-01T21:10:06.075Z\"},\"nullCount\":{\"municipio_id\":0,\"safra_id\":0,\"tipo_indicador\":0,\"valor\":0,\"_data_ingestao\":0},\"tightBounds\":true}","tags":{"INSERTION_TIME":"1756761111000009","MIN_INSERTION_TIME":"1756761111000009","MAX_INSERTION_TIME":"1756761111000009","OPTIMIZE_TARGET_SIZE":"268435456"}}}
{"add":{"path":"ano=2012/safra=Milho%20(em%20grão)%20-%202ª%20safra/part-00010-ee1c563b-af32-4696-95f2-efbc2ac112eb.c000.snappy.parquet","partitionValues":{"ano":"2012","safra":"Milho (em grão) - 2ª safra"},"size":3450,"modificationTime":1756761111000,"dataChange":true,"stats":"{\"numRecords\":378,\"minValues\":{\"municipio_id\":3100906,\"safra_id\":114254,\"tipo_indicador\":\"Quantidade produzida\",\"valor\":1,\"_data_ingestao\":\"2025-09-01T21:10:06.075Z\"},\"maxValues\":{\"municipio_id\":3171709,\"safra_id\":114254,\"tipo_indicador\":\"Área plantada\",\"valor\":122400,\"_data_ingestao\":\"2025-09-01T21:10:06.075Z\"},\"nullCount\":{\"municipio_id\":0,\"safra_id\":0,\"tipo_indicador\":0,\"valor\":0,\"_data_ingestao\":0},\"tightBounds\":true}","tags":{"INSERTION_TIME":"1756761111000010","MIN_INSERTION_TIME":"1756761111000010","MAX_INSERTION_TIME":"1756761111000010","OPTIMIZE_TARGET_SIZE":"268435456"}}}
{"add":{"path":"ano=2021/safra=Milho%20(em%20grão)%20-%202ª%20safra/part-00011-0247c7d6-a5d1-45ad-bff1-4eeb000e8ec8.c000.snappy.parquet","partitionValues":{"ano":"2021","safra":"Milho (em grão) - 2ª safra"},"size":3956,"modificationTime":1756761111000,"dataChange":true,"stats":"{\"numRecords\":507,\"minValues\":{\"municipio_id\":3100104,\"safra_id\":114254,\"tipo_indicador\":\"Quantidade produzida\",\"valor\":10,\"_data_ingestao\":\"2025-09-01T21:10:06.075Z\"},\"maxValues\":{\"municipio_id\":3171709,\"safra_id\":114254,\"tipo_indicador\":\"Área plantada\",\"valor\":134280,\"_data_ingestao\":\"2025-09-01T21:10:06.075Z\"},\"nullCount\":{\"municipio_id\":0,\"safra_id\":0,\"tipo_indicador\":0,\"valor\":0,\"_data_ingestao\":0},\"tightBounds\":true}","tags":{"INSERTION_TIME":"1756761111000011","MIN_INSERTION_TIME":"1756761111000011","MAX_INSERTION_TIME":"1756761111000011","OPTIMIZE_TARGET_SIZE":"268435456"}}}
{"add":{"path":"ano=2022/safra=Milho%20(em%20grão)%20-%202ª%20safra/part-00012-7be39c07-3e12-4dee-bba0-e638c7020ba4.c000.snappy.parquet","partitionValues":{"ano":"2022","safra":"Milho (em grão) - 2ª safra"},"size":4037,"modificationTime":1756761111000,"dataChange":true,"stats":"{\"numRecords\":498,\"minValues\":{\"municipio_id\":3100104,\"safra_id\":114254,\"tipo_indicador\":\"Quantidade produzida\",\"valor\":5,\"_data_ingestao\":\"2025-09-01T21:10:06.075Z\"},\"maxValues\":{\"municipio_id\":3171709,\"safra_id\":114254,\"tipo_indicador\":\"Área plantada\",\"valor\":206250,\"_data_ingestao\":\"2025-09-01T21:10:06.075Z\"},\"nullCount\":{\"municipio_id\":0,\"safra_id\":0,\"tipo_indicador\":0,\"valor\":0,\"_data_ingestao\":0},\"tightBounds\":true}","tags":{"INSERTION_TIME":"1756761111000012","MIN_INSERTION_TIME":"1756761111000012","MAX_INSERTION_TIME":"1756761111000012","OPTIMIZE_TARGET_SIZE":"268435456"}}}
{"add":{"path":"ano=2016/safra=Milho%20(em%20grão)%20-%201ª%20safra/part-00013-0ccab998-4130-46c5-97b1-0b072dc4f271.c000.snappy.parquet","partitionValues":{"ano":"2016","safra":"Milho (em grão) - 1ª safra"},"size":12610,"modificationTime":1756761111000,"dataChange":true,"stats":"{\"numRecords\":2457,\"minValues\":{\"municipio_id\":3100104,\"safra_id\":114253,\"tipo_indicador\":\"Quantidade produzida\",\"valor\":2,\"_data_ingestao\":\"2025-09-01T21:10:06.075Z\"},\"maxValues\":{\"municipio_id\":3172202,\"safra_id\":114253,\"tipo_indicador\":\"Área plantada\",\"valor\":207000,\"_data_ingestao\":\"2025-09-01T21:10:06.075Z\"},\"nullCount\":{\"municipio_id\":0,\"safra_id\":0,\"tipo_indicador\":0,\"valor\":0,\"_data_ingestao\":0},\"tightBounds\":true}","tags":{"INSERTION_TIME":"1756761111000013","MIN_INSERTION_TIME":"1756761111000013","MAX_INSERTION_TIME":"1756761111000013","OPTIMIZE_TARGET_SIZE":"268435456"}}}
{"add":{"path":"ano=2013/safra=Milho%20(em%20grão)%20-%201ª%20safra/part-00014-4c3efbb2-919a-4c52-9906-bf182339b4f8.c000.snappy.parquet","partitionValues":{"ano":"2013","safra":"Milho (em grão) - 1ª safra"},"size":12541,"modificationTime":1756761111000,"dataChange":true,"stats":"{\"numRecords\":2521,\"minValues\":{\"municipio_id\":3100104,\"safra_id\":114253,\"tipo_indicador\":\"Quantidade produzida\",\"valor\":2,\"_data_ingestao\":\"2025-09-01T21:10:06.075Z\"},\"maxValues\":{\"municipio_id\":3172202,\"safra_id\":114253,\"tipo_indicador\":\"Área plantada\",\"valor\":442000,\"_data_ingestao\":\"2025-09-01T21:10:06.075Z\"},\"nullCount\":{\"municipio_id\":0,\"safra_id\":0,\"tipo_indicador\":0,\"valor\":0,\"_data_ingestao\":0},\"tightBounds\":true}","tags":{"INSERTION_TIME":"1756761111000014","MIN_INSERTION_TIME":"1756761111000014","MAX_INSERTION_TIME":"1756761111000014","OPTIMIZE_TARGET_SIZE":"268435456"}}}
{"add":{"path":"ano=2018/safra=Milho%20(em%20grão)%20-%201ª%20safra/part-00015-afbb0d52-39cd-4375-8d0e-30754935e711.c000.snappy.parquet","partitionValues":{"ano":"2018","safra":"Milho (em grão) - 1ª safra"},"size":12617,"modificationTime":1756761111000,"dataChange":true,"stats":"{\"numRecords\":2526,\"minValues\":{\"municipio_id\":3100104,\"safra_id\":114253,\"tipo_indicador\":\"Quantidade produzida\",\"valor\":1,\"_data_ingestao\":\"2025-09-01T21:10:06.075Z\"},\"maxValues\":{\"municipio_id\":3172202,\"safra_id\":114253,\"tipo_indicador\":\"Área plantada\",\"valor\":198000,\"_data_ingestao\":\"2025-09-01T21:10:06.075Z\"},\"nullCount\":{\"municipio_id\":0,\"safra_id\":0,\"tipo_indicador\":0,\"valor\":0,\"_data_ingestao\":0},\"tightBounds\":true}","tags":{"INSERTION_TIME":"1756761111000015","MIN_INSERTION_TIME":"1756761111000015","MAX_INSERTION_TIME":"1756761111000015","OPTIMIZE_TARGET_SIZE":"268435456"}}}
{"add":{"path":"ano=2016/safra=Milho%20(em%20grão)%20-%202ª%20safra/part-00016-58f17b1b-7651-4bf9-a509-73fe44ec1dfc.c000.snappy.parquet","partitionValues":{"ano":"2016","safra":"Milho (em grão) - 2ª safra"},"size":4118,"modificationTime":1756761112000,"dataChange":true,"stats":"{\"numRecords\":603,\"minValues\":{\"municipio_id\":3100104,\"safra_id\":114254,\"tipo_indicador\":\"Quantidade produzida\",\"valor\":4,\"_data_ingestao\":\"2025-09-01T21:10:06.075Z\"},\"maxValues\":{\"municipio_id\":3171709,\"safra_id\":114254,\"tipo_indicador\":\"Área plantada\",\"valor\":69000,\"_data_ingestao\":\"2025-09-01T21:10:06.075Z\"},\"nullCount\":{\"municipio_id\":0,\"safra_id\":0,\"tipo_indicador\":0,\"valor\":0,\"_data_ingestao\":0},\"tightBounds\":true}","tags":{"INSERTION_TIME":"1756761111000016","MIN_INSERTION_TIME":"1756761111000016","MAX_INSERTION_TIME":"1756761111000016","OPTIMIZE_TARGET_SIZE":"268435456"}}}
{"add":{"path":"ano=2012/safra=Milho%20(em%20grão)%20-%201ª%20safra/part-00017-a711ae8b-bfa9-460f-adc1-4d693ceae8d7.c000.snappy.parquet","partitionValues":{"ano":"2012","safra":"Milho (em grão) - 1ª safra"},"size":13680,"modificationTime":1756761111000,"dataChange":true,"stats":"{\"numRecords\":2530,\"minValues\":{\"municipio_id\":3100104,\"safra_id\":114253,\"tipo_indicador\":\"Quantidade produzida\",\"valor\":1,\"_data_ingestao\":\"2025-09-01T21:10:06.075Z\"},\"maxValues\":{\"municipio_id\":3172202,\"safra_id\":114253,\"tipo_indicador\":\"Área plantada\",\"valor\":442000,\"_data_ingestao\":\"2025-09-01T21:10:06.075Z\"},\"nullCount\":{\"municipio_id\":0,\"safra_id\":0,\"tipo_indicador\":0,\"valor\":0,\"_data_ingestao\":0},\"tightBounds\":true}","tags":{"INSERTION_TIME":"1756761111000017","MIN_INSERTION_TIME":"1756761111000017","MAX_INSERTION_TIME":"1756761111000017","OPTIMIZE_TARGET_SIZE":"268435456"}}}
{"add":{"path":"ano=2010/safra=Milho%20(em%20grão)%20-%202ª%20safra/part-00018-ca29b1a1-5c4d-4c29-90ab-10bbffd302b0.c000.snappy.parquet","partitionValues":{"ano":"2010","safra":"Milho (em grão) - 2ª safra"},"size":2996,"modificationTime":1756761111000,"dataChange":true,"stats":"{\"numRecords\":273,\"minValues\":{\"municipio_id\":3101102,\"safra_id\":114254,\"tipo_indicador\":\"Quantidade produzida\",\"valor\":2,\"_data_ingestao\":\"2025-09-01T21:10:06.075Z\"},\"maxValues\":{\"municipio_id\":3171709,\"safra_id\":114254,\"tipo_indicador\":\"Área plantada\",\"valor\":85000,\"_data_ingestao\":\"2025-09-01T21:10:06.075Z\"},\"nullCount\":{\"municipio_id\":0,\"safra_id\":0,\"tipo_indicador\":0,\"valor\":0,\"_data_ingestao\":0},\"tightBounds\":true}","tags":{"INSERTION_TIME":"1756761111000018","MIN_INSERTION_TIME":"1756761111000018","MAX_INSERTION_TIME":"1756761111000018","OPTIMIZE_TARGET_SIZE":"268435456"}}}
{"add":{"path":"ano=2015/safra=Milho%20(em%20grão)%20-%201ª%20safra/part-00019-a7a8f125-73e9-41b1-a1fc-304959adf8c8.c000.snappy.parquet","partitionValues":{"ano":"2015","safra":"Milho (em grão) - 1ª safra"},"size":12448,"modificationTime":1756761111000,"dataChange":true,"stats":"{\"numRecords\":2471,\"minValues\":{\"municipio_id\":3100104,\"safra_id\":114253,\"tipo_indicador\":\"Quantidade produzida\",\"valor\":1,\"_data_ingestao\":\"2025-09-01T21:10:06.075Z\"},\"maxValues\":{\"municipio_id\":3172202,\"safra_id\":114253,\"tipo_indicador\":\"Área plantada\",\"valor\":284280,\"_data_ingestao\":\"2025-09-01T21:10:06.075Z\"},\"nullCount\":{\"municipio_id\":0,\"safra_id\":0,\"tipo_indicador\":0,\"valor\":0,\"_data_ingestao\":0},\"tightBounds\":true}","tags":{"INSERTION_TIME":"1756761111000019","MIN_INSERTION_TIME":"1756761111000019","MAX_INSERTION_TIME":"1756761111000019","OPTIMIZE_TARGET_SIZE":"268435456"}}}
{"add":{"path":"ano=2021/safra=Milho%20(em%20grão)%20-%201ª%20safra/part-00020-d35a11c6-69aa-48f8-88ed-4309108a809d.c000.snappy.parquet","partitionValues":{"ano":"2021","safra":"Milho (em grão) - 1ª safra"},"size":13831,"modificationTime":1756761111000,"dataChange":true,"stats":"{\"numRecords\":2535,\"minValues\":{\"municipio_id\":3100104,\"safra_id\":114253,\"tipo_indicador\":\"Quantidade produzida\",\"valor\":2,\"_data_ingestao\":\"2025-09-01T21:10:06.075Z\"},\"maxValues\":{\"municipio_id\":3172202,\"safra_id\":114253,\"tipo_indicador\":\"Área plantada\",\"valor\":312000,\"_data_ingestao\":\"2025-09-01T21:10:06.075Z\"},\"nullCount\":{\"municipio_id\":0,\"safra_id\":0,\"tipo_indicador\":0,\"valor\":0,\"_data_ingestao\":0},\"tightBounds\":true}","tags":{"INSERTION_TIME":"1756761111000020","MIN_INSERTION_TIME":"1756761111000020","MAX_INSERTION_TIME":"1756761111000020","OPTIMIZE_TARGET_SIZE":"268435456"}}}
{"add":{"path":"ano=2011/safra=Milho%20(em%20grão)%20-%202ª%20safra/part-00021-073a54bf-610c-4bc0-ba01-c05d01dbec71.c000.snappy.parquet","partitionValues":{"ano":"2011","safra":"Milho (em grão) - 2ª safra"},"size":3118,"modificationTime":1756761111000,"dataChange":true,"stats":"{\"numRecords\":384,\"minValues\":{\"municipio_id\":3100906,\"safra_id\":114254,\"tipo_indicador\":\"Quantidade produzida\",\"valor\":2,\"_data_ingestao\":\"2025-09-01T21:10:06.075Z\"},\"maxValues\":{\"municipio_id\":3171709,\"safra_id\":114254,\"tipo_indicador\":\"Área plantada\",\"valor\":72000,\"_data_ingestao\":\"2025-09-01T21:10:06.075Z\"},\"nullCount\":{\"municipio_id\":0,\"safra_id\":0,\"tipo_indicador\":0,\"valor\":0,\"_data_ingestao\":0},\"tightBounds\":true}","tags":{"INSERTION_TIME":"1756761111000021","MIN_INSERTION_TIME":"1756761111000021","MAX_INSERTION_TIME":"1756761111000021","OPTIMIZE_TARGET_SIZE":"268435456"}}}
{"add":{"path":"ano=2017/safra=Milho%20(em%20grão)%20-%202ª%20safra/part-00022-9648fcd9-f4f8-40b4-b214-5754ca825142.c000.snappy.parquet","partitionValues":{"ano":"2017","safra":"Milho (em grão) - 2ª safra"},"size":3695,"modificationTime":1756761112000,"dataChange":true,"stats":"{\"numRecords\":423,\"minValues\":{\"municipio_id\":3100104,\"safra_id\":114254,\"tipo_indicador\":\"Quantidade produzida\",\"valor\":4,\"_data_ingestao\":\"2025-09-01T21:10:06.075Z\"},\"maxValues\":{\"municipio_id\":3171709,\"safra_id\":114254,\"tipo_indicador\":\"Área plantada\",\"valor\":173400,\"_data_ingestao\":\"2025-09-01T21:10:06.075Z\"},\"nullCount\":{\"municipio_id\":0,\"safra_id\":0,\"tipo_indicador\":0,\"valor\":0,\"_data_ingestao\":0},\"tightBounds\":true}","tags":{"INSERTION_TIME":"1756761111000022","MIN_INSERTION_TIME":"1756761111000022","MAX_INSERTION_TIME":"1756761111000022","OPTIMIZE_TARGET_SIZE":"268435456"}}}
{"add":{"path":"ano=2013/safra=Milho%20(em%20grão)%20-%202ª%20safra/part-00023-4fd3c318-fdb2-4833-892a-847ae3834b4d.c000.snappy.parquet","partitionValues":{"ano":"2013","safra":"Milho (em grão) - 2ª safra"},"size":3351,"modificationTime":1756761112000,"dataChange":true,"stats":"{\"numRecords\":402,\"minValues\":{\"municipio_id\":3101706,\"safra_id\":114254,\"tipo_indicador\":\"Quantidade produzida\",\"valor\":4,\"_data_ingestao\":\"2025-09-01T21:10:06.075Z\"},\"maxValues\":{\"municipio_id\":3171709,\"safra_id\":114254,\"tipo_indicador\":\"Área plantada\",\"valor\":113400,\"_data_ingestao\":\"2025-09-01T21:10:06.075Z\"},\"nullCount\":{\"municipio_id\":0,\"safra_id\":0,\"tipo_indicador\":0,\"valor\":0,\"_data_ingestao\":0},\"tightBounds\":true}","tags":{"INSERTION_TIME":"1756761111000023","MIN_INSERTION_TIME":"1756761111000023","MAX_INSERTION_TIME":"1756761111000023","OPTIMIZE_TARGET_SIZE":"268435456"}}}
{"add":{"path":"ano=2020/safra=Milho%20(em%20grão)%20-%201ª%20safra/part-00024-9535ecaf-ab9a-4d7c-9c45-9348576f1ddf.c000.snappy.parquet","partitionValues":{"ano":"2020","safra":"Milho (em grão) - 1ª safra"},"size":13768,"modificationTime":1756761112000,"dataChange":true,"stats":"{\"numRecords\":2535,\"minValues\":{\"municipio_id\":3100104,\"safra_id\":114253,\"tipo_indicador\":\"Quantidade produzida\",\"valor\":2,\"_data_ingestao\":\"2025-09-01T21:10:06.075Z\"},\"maxValues\":{\"municipio_id\":3172202,\"safra_id\":114253,\"tipo_indicador\":\"Área plantada\",\"valor\":288000,\"_data_ingestao\":\"2025-09-01T21:10:06.075Z\"},\"nullCount\":{\"municipio_id\":0,\"safra_id\":0,\"tipo_indicador\":0,\"valor\":0,\"_data_ingestao\":0},\"tightBounds\":true}","tags":{"INSERTION_TIME":"1756761111000024","MIN_INSERTION_TIME":"1756761111000024","MAX_INSERTION_TIME":"1756761111000024","OPTIMIZE_TARGET_SIZE":"268435456"}}}
{"add":{"path":"ano=2023/safra=Milho%20(em%20grão)%20-%202ª%20safra/part-00025-47b8b6d8-e413-4e6f-ae33-614b5fb8356c.c000.snappy.parquet","partitionValues":{"ano":"2023","safra":"Milho (em grão) - 2ª safra"},"size":3998,"modificationTime":1756761112000,"dataChange":true,"stats":"{\"numRecords\":534,\"minValues\":{\"municipio_id\":3100104,\"safra_id\":114254,\"tipo_indicador\":\"Quantidade produzida\",\"valor\":5,\"_data_ingestao\":\"2025-09-01T21:10:06.075Z\"},\"maxValues\":{\"municipio_id\":3171709,\"safra_id\":114254,\"tipo_indicador\":\"Área plantada\",\"valor\":245850,\"_data_ingestao\":\"2025-09-01T21:10:06.075Z\"},\"nullCount\":{\"municipio_id\":0,\"safra_id\":0,\"tipo_indicador\":0,\"valor\":0,\"_data_ingestao\":0},\"tightBounds\":true}","tags":{"INSERTION_TIME":"1756761111000025","MIN_INSERTION_TIME":"1756761111000025","MAX_INSERTION_TIME":"1756761111000025","OPTIMIZE_TARGET_SIZE":"268435456"}}}
{"add":{"path":"ano=2019/safra=Milho%20(em%20grão)%20-%201ª%20safra/part-00026-5878b023-2f71-429a-a8e0-152cf0c337f0.c000.snappy.parquet","partitionValues":{"ano":"2019","safra":"Milho (em grão) - 1ª safra"},"size":13139,"modificationTime":1756761111000,"dataChange":true,"stats":"{\"numRecords\":2535,\"minValues\":{\"municipio_id\":3100104,\"safra_id\":114253,\"tipo_indicador\":\"Quantidade produzida\",\"valor\":1,\"_data_ingestao\":\"2025-09-01T21:10:06.075Z\"},\"maxValues\":{\"municipio_id\":3172202,\"safra_id\":114253,\"tipo_indicador\":\"Área plantada\",\"valor\":180000,\"_data_ingestao\":\"2025-09-01T21:10:06.075Z\"},\"nullCount\":{\"municipio_id\":0,\"safra_id\":0,\"tipo_indicador\":0,\"valor\":0,\"_data_ingestao\":0},\"tightBounds\":true}","tags":{"INSERTION_TIME":"1756761111000026","MIN_INSERTION_TIME":"1756761111000026","MAX_INSERTION_TIME":"1756761111000026","OPTIMIZE_TARGET_SIZE":"268435456"}}}
{"add":{"path":"ano=2011/safra=Milho%20(em%20grão)%20-%201ª%20safra/part-00027-729cb5a2-bb95-4154-8726-55590d633329.c000.snappy.parquet","partitionValues":{"ano":"2011","safra":"Milho (em grão) - 1ª safra"},"size":13632,"modificationTime":1756761112000,"dataChange":true,"stats":"{\"numRecords\":2529,\"minValues\":{\"municipio_id\":3100104,\"safra_id\":114253,\"tipo_indicador\":\"Quantidade produzida\",\"valor\":0,\"_data_ingestao\":\"2025-09-01T21:10:06.075Z\"},\"maxValues\":{\"municipio_id\":3172202,\"safra_id\":114253,\"tipo_indicador\":\"Área plantada\",\"valor\":327750,\"_data_ingestao\":\"2025-09-01T21:10:06.075Z\"},\"nullCount\":{\"municipio_id\":0,\"safra_id\":0,\"tipo_indicador\":0,\"valor\":0,\"_data_ingestao\":0},\"tightBounds\":true}","tags":{"INSERTION_TIME":"1756761111000027","MIN_INSERTION_TIME":"1756761111000027","MAX_INSERTION_TIME":"1756761111000027","OPTIMIZE_TARGET_SIZE":"268435456"}}}
{"remove":{"path":"ano=2010/safra=Milho%20(em%20grão)%20-%201ª%20safra/part-00000-0f11889e-ef37-4428-b58e-3332edfd17c8.c000.snappy.parquet","deletionTimestamp":1756761111301,"dataChange":true,"extendedFileMetadata":true,"partitionValues":{"ano":"2010","safra":"Milho (em grão) - 1ª safra"},"size":11724,"tags":{"INSERTION_TIME":"1756760595000000","MIN_INSERTION_TIME":"1756760595000000","MAX_INSERTION_TIME":"1756760595000000","OPTIMIZE_TARGET_SIZE":"268435456"}}}
{"remove":{"path":"ano=2019/safra=Milho%20(em%20grão)%20-%202ª%20safra/part-00001-b25ebf43-9cc4-4528-a244-f077caa9991c.c000.snappy.parquet","deletionTimestamp":1756761111301,"dataChange":true,"extendedFileMetadata":true,"partitionValues":{"ano":"2019","safra":"Milho (em grão) - 2ª safra"},"size":4062,"tags":{"INSERTION_TIME":"1756760595000001","MIN_INSERTION_TIME":"1756760595000001","MAX_INSERTION_TIME":"1756760595000001","OPTIMIZE_TARGET_SIZE":"268435456"}}}
{"remove":{"path":"ano=2023/safra=Milho%20(em%20grão)%20-%201ª%20safra/part-00002-e5ae8a9c-18fe-4714-a4ba-2deeb3dd0698.c000.snappy.parquet","deletionTimestamp":1756761111301,"dataChange":true,"extendedFileMetadata":true,"partitionValues":{"ano":"2023","safra":"Milho (em grão) - 1ª safra"},"size":12967,"tags":{"INSERTION_TIME":"1756760595000002","MIN_INSERTION_TIME":"1756760595000002","MAX_INSERTION_TIME":"1756760595000002","OPTIMIZE_TARGET_SIZE":"268435456"}}}
{"remove":{"path":"ano=2014/safra=Milho%20(em%20grão)%20-%201ª%20safra/part-00003-0af7cb9f-484a-4a1d-90f7-397db5c5615c.c000.snappy.parquet","deletionTimestamp":1756761111301,"dataChange":true,"extendedFileMetadata":true,"partitionValues":{"ano":"2014","safra":"Milho (em grão) - 1ª safra"},"size":13464,"tags":{"INSERTION_TIME":"1756760595000003","MIN_INSERTION_TIME":"1756760595000003","MAX_INSERTION_TIME":"1756760595000003","OPTIMIZE_TARGET_SIZE":"268435456"}}}
{"remove":{"path":"ano=2017/safra=Milho%20(em%20grão)%20-%201ª%20safra/part-00004-7f352b63-a5d5-40ff-8fff-edeb0c87ac05.c000.snappy.parquet","deletionTimestamp":1756761111301,"dataChange":true,"extendedFileMetadata":true,"partitionValues":{"ano":"2017","safra":"Milho (em grão) - 1ª safra"},"size":14363,"tags":{"INSERTION_TIME":"1756760595000004","MIN_INSERTION_TIME":"1756760595000004","MAX_INSERTION_TIME":"1756760595000004","OPTIMIZE_TARGET_SIZE":"268435456"}}}
{"remove":{"path":"ano=2022/safra=Milho%20(em%20grão)%20-%201ª%20safra/part-00005-e82133f5-99cc-4e9e-8575-0bf8fc175ae6.c000.snappy.parquet","deletionTimestamp":1756761111301,"dataChange":true,"extendedFileMetadata":true,"partitionValues":{"ano":"2022","safra":"Milho (em grão) - 1ª safra"},"size":13768,"tags":{"INSERTION_TIME":"1756760595000005","MIN_INSERTION_TIME":"1756760595000005","MAX_INSERTION_TIME":"1756760595000005","OPTIMIZE_TARGET_SIZE":"268435456"}}}
{"remove":{"path":"ano=2018/safra=Milho%20(em%20grão)%20-%202ª%20safra/part-00006-1a99f350-62d4-42bf-9b97-9c8d4fa63035.c000.snappy.parquet","deletionTimestamp":1756761111301,"dataChange":true,"extendedFileMetadata":true,"partitionValues":{"ano":"2018","safra":"Milho (em grão) - 2ª safra"},"size":3853,"tags":{"INSERTION_TIME":"1756760595000006","MIN_INSERTION_TIME":"1756760595000006","MAX_INSERTION_TIME":"1756760595000006","OPTIMIZE_TARGET_SIZE":"268435456"}}}
{"remove":{"path":"ano=2014/safra=Milho%20(em%20grão)%20-%202ª%20safra/part-00007-75b96749-3119-4e86-bbde-63f7b70cf121.c000.snappy.parquet","deletionTimestamp":1756761111301,"dataChange":true,"extendedFileMetadata":true,"partitionValues":{"ano":"2014","safra":"Milho (em grão) - 2ª safra"},"size":3709,"tags":{"INSERTION_TIME":"1756760595000007","MIN_INSERTION_TIME":"1756760595000007","MAX_INSERTION_TIME":"1756760595000007","OPTIMIZE_TARGET_SIZE":"268435456"}}}
{"remove":{"path":"ano=2020/safra=Milho%20(em%20grão)%20-%202ª%20safra/part-00008-e19bc810-7fb3-4310-bce0-9c4417412bc2.c000.snappy.parquet","deletionTimestamp":1756761111301,"dataChange":true,"extendedFileMetadata":true,"partitionValues":{"ano":"2020","safra":"Milho (em grão) - 2ª safra"},"size":3853,"tags":{"INSERTION_TIME":"1756760595000008","MIN_INSERTION_TIME":"1756760595000008","MAX_INSERTION_TIME":"1756760595000008","OPTIMIZE_TARGET_SIZE":"268435456"}}}
{"remove":{"path":"ano=2015/safra=Milho%20(em%20grão)%20-%202ª%20safra/part-00009-67719d8c-8bfa-4997-a761-120fc3242cd3.c000.snappy.parquet","deletionTimestamp":1756761111301,"dataChange":true,"extendedFileMetadata":true,"partitionValues":{"ano":"2015","safra":"Milho (em grão) - 2ª safra"},"size":3772,"tags":{"INSERTION_TIME":"1756760595000009","MIN_INSERTION_TIME":"1756760595000009","MAX_INSERTION_TIME":"1756760595000009","OPTIMIZE_TARGET_SIZE":"268435456"}}}
{"remove":{"path":"ano=2012/safra=Milho%20(em%20grão)%20-%202ª%20safra/part-00010-86385572-ea10-4e7c-a96c-a74483b83b96.c000.snappy.parquet","deletionTimestamp":1756761111301,"dataChange":true,"extendedFileMetadata":true,"partitionValues":{"ano":"2012","safra":"Milho (em grão) - 2ª safra"},"size":3450,"tags":{"INSERTION_TIME":"1756760595000010","MIN_INSERTION_TIME":"1756760595000010","MAX_INSERTION_TIME":"1756760595000010","OPTIMIZE_TARGET_SIZE":"268435456"}}}
{"remove":{"path":"ano=2021/safra=Milho%20(em%20grão)%20-%202ª%20safra/part-00011-a10a5bce-894e-4daf-81c0-ee3314b63db8.c000.snappy.parquet","deletionTimestamp":1756761111301,"dataChange":true,"extendedFileMetadata":true,"partitionValues":{"ano":"2021","safra":"Milho (em grão) - 2ª safra"},"size":3956,"tags":{"INSERTION_TIME":"1756760595000011","MIN_INSERTION_TIME":"1756760595000011","MAX_INSERTION_TIME":"1756760595000011","OPTIMIZE_TARGET_SIZE":"268435456"}}}
{"remove":{"path":"ano=2022/safra=Milho%20(em%20grão)%20-%202ª%20safra/part-00012-793b1530-3762-4c30-8a89-8596fdfa8254.c000.snappy.parquet","deletionTimestamp":1756761111301,"dataChange":true,"extendedFileMetadata":true,"partitionValues":{"ano":"2022","safra":"Milho (em grão) - 2ª safra"},"size":4037,"tags":{"INSERTION_TIME":"1756760595000012","MIN_INSERTION_TIME":"1756760595000012","MAX_INSERTION_TIME":"1756760595000012","OPTIMIZE_TARGET_SIZE":"268435456"}}}
{"remove":{"path":"ano=2016/safra=Milho%20(em%20grão)%20-%201ª%20safra/part-00013-12cb6ab2-fe9d-45af-8037-1dd4fe1893cd.c000.snappy.parquet","deletionTimestamp":1756761111301,"dataChange":true,"extendedFileMetadata":true,"partitionValues":{"ano":"2016","safra":"Milho (em grão) - 1ª safra"},"size":12610,"tags":{"INSERTION_TIME":"1756760595000013","MIN_INSERTION_TIME":"1756760595000013","MAX_INSERTION_TIME":"1756760595000013","OPTIMIZE_TARGET_SIZE":"268435456"}}}
{"remove":{"path":"ano=2013/safra=Milho%20(em%20grão)%20-%201ª%20safra/part-00014-ae9ed25c-d5c8-4c05-85cf-c7a37301aa73.c000.snappy.parquet","deletionTimestamp":1756761111301,"dataChange":true,"extendedFileMetadata":true,"partitionValues":{"ano":"2013","safra":"Milho (em grão) - 1ª safra"},"size":12541,"tags":{"INSERTION_TIME":"1756760595000014","MIN_INSERTION_TIME":"1756760595000014","MAX_INSERTION_TIME":"1756760595000014","OPTIMIZE_TARGET_SIZE":"268435456"}}}
{"remove":{"path":"ano=2018/safra=Milho%20(em%20grão)%20-%201ª%20safra/part-00015-993d1046-8022-4eb7-a3c3-35ad71e2d76e.c000.snappy.parquet","deletionTimestamp":1756761111301,"dataChange":true,"extendedFileMetadata":true,"partitionValues":{"ano":"2018","safra":"Milho (em grão) - 1ª safra"},"size":12617,"tags":{"INSERTION_TIME":"1756760595000015","MIN_INSERTION_TIME":"1756760595000015","MAX_INSERTION_TIME":"1756760595000015","OPTIMIZE_TARGET_SIZE":"268435456"}}}
{"remove":{"path":"ano=2016/safra=Milho%20(em%20grão)%20-%202ª%20safra/part-00016-ac39e884-929a-41f0-8d7a-cf3bf8223318.c000.snappy.parquet","deletionTimestamp":1756761111301,"dataChange":true,"extendedFileMetadata":true,"partitionValues":{"ano":"2016","safra":"Milho (em grão) - 2ª safra"},"size":4118,"tags":{"INSERTION_TIME":"1756760595000016","MIN_INSERTION_TIME":"1756760595000016","MAX_INSERTION_TIME":"1756760595000016","OPTIMIZE_TARGET_SIZE":"268435456"}}}
{"remove":{"path":"ano=2012/safra=Milho%20(em%20grão)%20-%201ª%20safra/part-00017-664d5b18-49fa-4121-aa7b-f6c912373154.c000.snappy.parquet","deletionTimestamp":1756761111301,"dataChange":true,"extendedFileMetadata":true,"partitionValues":{"ano":"2012","safra":"Milho (em grão) - 1ª safra"},"size":13680,"tags":{"INSERTION_TIME":"1756760595000017","MIN_INSERTION_TIME":"1756760595000017","MAX_INSERTION_TIME":"1756760595000017","OPTIMIZE_TARGET_SIZE":"268435456"}}}
{"remove":{"path":"ano=2010/safra=Milho%20(em%20grão)%20-%202ª%20safra/part-00018-995a1e6b-7b74-435d-9561-98049e1ef78c.c000.snappy.parquet","deletionTimestamp":1756761111301,"dataChange":true,"extendedFileMetadata":true,"partitionValues":{"ano":"2010","safra":"Milho (em grão) - 2ª safra"},"size":2996,"tags":{"INSERTION_TIME":"1756760595000018","MIN_INSERTION_TIME":"1756760595000018","MAX_INSERTION_TIME":"1756760595000018","OPTIMIZE_TARGET_SIZE":"268435456"}}}
{"remove":{"path":"ano=2015/safra=Milho%20(em%20grão)%20-%201ª%20safra/part-00019-4a7fbe17-787c-4f31-91b8-a51f1f6133ca.c000.snappy.parquet","deletionTimestamp":1756761111301,"dataChange":true,"extendedFileMetadata":true,"partitionValues":{"ano":"2015","safra":"Milho (em grão) - 1ª safra"},"size":12448,"tags":{"INSERTION_TIME":"1756760595000019","MIN_INSERTION_TIME":"1756760595000019","MAX_INSERTION_TIME":"1756760595000019","OPTIMIZE_TARGET_SIZE":"268435456"}}}
{"remove":{"path":"ano=2021/safra=Milho%20(em%20grão)%20-%201ª%20safra/part-00020-17d229d4-cdc3-45f3-a338-0d65e1acaf4e.c000.snappy.parquet","deletionTimestamp":1756761111301,"dataChange":true,"extendedFileMetadata":true,"partitionValues":{"ano":"2021","safra":"Milho (em grão) - 1ª safra"},"size":13831,"tags":{"INSERTION_TIME":"1756760595000020","MIN_INSERTION_TIME":"1756760595000020","MAX_INSERTION_TIME":"1756760595000020","OPTIMIZE_TARGET_SIZE":"268435456"}}}
{"remove":{"path":"ano=2011/safra=Milho%20(em%20grão)%20-%202ª%20safra/part-00021-505425eb-ad8b-4891-9110-a3ad59910bc0.c000.snappy.parquet","deletionTimestamp":1756761111301,"dataChange":true,"extendedFileMetadata":true,"partitionValues":{"ano":"2011","safra":"Milho (em grão) - 2ª safra"},"size":3118,"tags":{"INSERTION_TIME":"1756760595000021","MIN_INSERTION_TIME":"1756760595000021","MAX_INSERTION_TIME":"1756760595000021","OPTIMIZE_TARGET_SIZE":"268435456"}}}
{"remove":{"path":"ano=2017/safra=Milho%20(em%20grão)%20-%202ª%20safra/part-00022-8e71a3f2-5fbe-476e-9ed1-9cc14c9ff715.c000.snappy.parquet","deletionTimestamp":1756761111301,"dataChange":true,"extendedFileMetadata":true,"partitionValues":{"ano":"2017","safra":"Milho (em grão) - 2ª safra"},"size":3695,"tags":{"INSERTION_TIME":"1756760595000022","MIN_INSERTION_TIME":"1756760595000022","MAX_INSERTION_TIME":"1756760595000022","OPTIMIZE_TARGET_SIZE":"268435456"}}}
{"remove":{"path":"ano=2013/safra=Milho%20(em%20grão)%20-%202ª%20safra/part-00023-2bda3d36-ab27-4cf0-9271-1a514cc9d2c3.c000.snappy.parquet","deletionTimestamp":1756761111301,"dataChange":true,"extendedFileMetadata":true,"partitionValues":{"ano":"2013","safra":"Milho (em grão) - 2ª safra"},"size":3351,"tags":{"INSERTION_TIME":"1756760595000023","MIN_INSERTION_TIME":"1756760595000023","MAX_INSERTION_TIME":"1756760595000023","OPTIMIZE_TARGET_SIZE":"268435456"}}}
{"remove":{"path":"ano=2020/safra=Milho%20(em%20grão)%20-%201ª%20safra/part-00024-a552ae3c-fd48-4b20-9bfe-82e0563be736.c000.snappy.parquet","deletionTimestamp":1756761111301,"dataChange":true,"extendedFileMetadata":true,"partitionValues":{"ano":"2020","safra":"Milho (em grão) - 1ª safra"},"size":13768,"tags":{"INSERTION_TIME":"1756760595000024","MIN_INSERTION_TIME":"1756760595000024","MAX_INSERTION_TIME":"1756760595000024","OPTIMIZE_TARGET_SIZE":"268435456"}}}
{"remove":{"path":"ano=2023/safra=Milho%20(em%20grão)%20-%202ª%20safra/part-00025-cabf513a-671f-4950-8731-453a5e2bea98.c000.snappy.parquet","deletionTimestamp":1756761111301,"dataChange":true,"extendedFileMetadata":true,"partitionValues":{"ano":"2023","safra":"Milho (em grão) - 2ª safra"},"size":3998,"tags":{"INSERTION_TIME":"1756760595000025","MIN_INSERTION_TIME":"1756760595000025","MAX_INSERTION_TIME":"1756760595000025","OPTIMIZE_TARGET_SIZE":"268435456"}}}
{"remove":{"path":"ano=2019/safra=Milho%20(em%20grão)%20-%201ª%20safra/part-00026-1b95de46-ea81-4e7c-89bd-1634ef57ddbe.c000.snappy.parquet","deletionTimestamp":1756761111301,"dataChange":true,"extendedFileMetadata":true,"partitionValues":{"ano":"2019","safra":"Milho (em grão) - 1ª safra"},"size":13139,"tags":{"INSERTION_TIME":"1756760595000026","MIN_INSERTION_TIME":"1756760595000026","MAX_INSERTION_TIME":"1756760595000026","OPTIMIZE_TARGET_SIZE":"268435456"}}}
{"remove":{"path":"ano=2011/safra=Milho%20(em%20grão)%20-%201ª%20safra/part-00027-74fd0ae4-86b6-4849-add5-674591798d77.c000.snappy.parquet","deletionTimestamp":1756761111301,"dataChange":true,"extendedFileMetadata":true,"partitionValues":{"ano":"2011","safra":"Milho (em grão) - 1ª safra"},"size":13632,"tags":{"INSERTION_TIME":"1756760595000027","MIN_INSERTION_TIME":"1756760595000027","MAX_INSERTION_TIME":"1756760595000027","OPTIMIZE_TARGET_SIZE":"268435456"}}}
