{"commitInfo":{"timestamp":1756756366053,"userId":"72631876083143","userName":"gabriel.aquino1608@gmail.com","operation":"WRITE","operationParameters":{"mode":"Overwrite","statsOnLoad":false,"partitionBy":"[\"ano\",\"safra\"]"},"notebook":{"notebookId":"1652168670128864"},"clusterId":"0901-194644-d1a2mt6w-v2n","isolationLevel":"WriteSerializable","isBlindAppend":false,"operationMetrics":{"numFiles":"28","numRemovedFiles":"0","numRemovedBytes":"0","numOutputRows":"41912","numOutputBytes":"226608"},"tags":{"noRowsCopied":"true","restoresDeletedRows":"false"},"engineInfo":"Databricks-Runtime/17.1.x-photon-scala2.13","txnId":"be494a41-e1d0-4bb7-90be-ed7ba6666a49"}}
{"metaData":{"id":"a1ae602d-2d86-496b-8ea5-f51200b8d846","format":{"provider":"parquet","options":{}},"schemaString":"{\"type\":\"struct\",\"fields\":[{\"name\":\"municipio_id\",\"type\":\"integer\",\"nullable\":true,\"metadata\":{}},{\"name\":\"ano\",\"type\":\"integer\",\"nullable\":true,\"metadata\":{}},{\"name\":\"safra_id\",\"type\":\"integer\",\"nullable\":true,\"metadata\":{}},{\"name\":\"safra\",\"type\":\"string\",\"nullable\":true,\"metadata\":{}},{\"name\":\"valor\",\"type\":\"integer\",\"nullable\":true,\"metadata\":{}},{\"name\":\"_data_ingestao\",\"type\":\"timestamp\",\"nullable\":true,\"metadata\":{}}]}","partitionColumns":["ano","safra"],"configuration":{"delta.enableDeletionVectors":"true"},"createdTime":1756756363435}}
{"protocol":{"minReaderVersion":3,"minWriterVersion":7,"readerFeatures":["deletionVectors"],"writerFeatures":["deletionVectors","appendOnly","invariants"]}}
{"add":{"path":"ano=2010/safra=Milho%20(em%20grão)%20-%201ª%20safra/part-00000-62e22a92-1be2-4f9a-8a82-4039db703946.c000.snappy.parquet","partitionValues":{"ano":"2010","safra":"Milho (em grão) - 1ª safra"},"size":11370,"modificationTime":1756756365000,"dataChange":true,"stats":"{\"numRecords\":2532,\"minValues\":{\"municipio_id\":3100104,\"safra_id\":114253,\"valor\":0,\"_data_ingestao\":\"2025-09-01T12:35:12.637Z\"},\"maxValues\":{\"municipio_id\":3172202,\"safra_id\":114253,\"valor\":327750,\"_data_ingestao\":\"2025-09-01T12:35:12.637Z\"},\"nullCount\":{\"municipio_id\":0,\"safra_id\":0,\"valor\":0,\"_data_ingestao\":0},\"tightBounds\":true}","tags":{"INSERTION_TIME":"1756756365000000","MIN_INSERTION_TIME":"1756756365000000","MAX_INSERTION_TIME":"1756756365000000","OPTIMIZE_TARGET_SIZE":"268435456"}}}
{"add":{"path":"ano=2019/safra=Milho%20(em%20grão)%20-%202ª%20safra/part-00001-4ca94858-7c56-46e7-8b54-8489e2ed6805.c000.snappy.parquet","partitionValues":{"ano":"2019","safra":"Milho (em grão) - 2ª safra"},"size":3708,"modificationTime":1756756365000,"dataChange":true,"stats":"{\"numRecords\":588,\"minValues\":{\"municipio_id\":3100104,\"safra_id\":114254,\"valor\":3,\"_data_ingestao\":\"2025-09-01T12:35:12.637Z\"},\"maxValues\":{\"municipio_id\":3171709,\"safra_id\":114254,\"valor\":359700,\"_data_ingestao\":\"2025-09-01T12:35:12.637Z\"},\"nullCount\":{\"municipio_id\":0,\"safra_id\":0,\"valor\":0,\"_data_ingestao\":0},\"tightBounds\":true}","tags":{"INSERTION_TIME":"1756756365000001","MIN_INSERTION_TIME":"1756756365000001","MAX_INSERTION_TIME":"1756756365000001","OPTIMIZE_TARGET_SIZE":"268435456"}}}
{"add":{"path":"ano=2023/safra=Milho%20(em%20grão)%20-%201ª%20safra/part-00002-da343669-d64c-423d-9afd-9416112caec8.c000.snappy.parquet","partitionValues":{"ano":"2023","safra":"Milho (em grão) - 1ª safra"},"size":12614,"modificationTime":1756756365000,"dataChange":true,"stats":"{\"numRecords\":2538,\"minValues\":{\"municipio_id\":3100104,\"safra_id\":114253,\"valor\":1,\"_data_ingestao\":\"2025-09-01T12:35:12.637Z\"},\"maxValues\":{\"municipio_id\":3172202,\"safra_id\":114253,\"valor\":225000,\"_data_ingestao\":\"2025-09-01T12:35:12.637Z\"},\"nullCount\":{\"municipio_id\":0,\"safra_id\":0,\"valor\":0,\"_data_ingestao\":0},\"tightBounds\":true}","tags":{"INSERTION_TIME":"1756756365000002","MIN_INSERTION_TIME":"1756756365000002","MAX_INSERTION_TIME":"1756756365000002","OPTIMIZE_TARGET_SIZE":"268435456"}}}
{"add":{"path":"ano=2014/safra=Milho%20(em%20grão)%20-%201ª%20safra/part-00003-79a3ca82-afaa-442c-8782-531aafa705df.c000.snappy.parquet","partitionValues":{"ano":"2014","safra":"Milho (em grão) - 1ª safra"},"size":13110,"modificationTime":1756756365000,"dataChange":true,"stats":"{\"numRecords\":2515,\"minValues\":{\"municipio_id\":3100104,\"safra_id\":114253,\"valor\":2,\"_data_ingestao\":\"2025-09-01T12:35:12.637Z\"},\"maxValues\":{\"municipio_id\":3172202,\"safra_id\":114253,\"valor\":362500,\"_data_ingestao\":\"2025-09-01T12:35:12.637Z\"},\"nullCount\":{\"municipio_id\":0,\"safra_id\":0,\"valor\":0,\"_data_ingestao\":0},\"tightBounds\":true}","tags":{"INSERTION_TIME":"1756756365000003","MIN_INSERTION_TIME":"1756756365000003","MAX_INSERTION_TIME":"1756756365000003","OPTIMIZE_TARGET_SIZE":"268435456"}}}
{"add":{"path":"ano=2017/safra=Milho%20(em%20grão)%20-%201ª%20safra/part-00004-414ed4c0-8c77-4b8e-be25-db38b73f4f8d.c000.snappy.parquet","partitionValues":{"ano":"2017","safra":"Milho (em grão) - 1ª safra"},"size":14009,"modificationTime":1756756365000,"dataChange":true,"stats":"{\"numRecords\":2523,\"minValues\":{\"municipio_id\":3100104,\"safra_id\":114253,\"valor\":1,\"_data_ingestao\":\"2025-09-01T12:35:12.637Z\"},\"maxValues\":{\"municipio_id\":3172202,\"safra_id\":114253,\"valor\":252000,\"_data_ingestao\":\"2025-09-01T12:35:12.637Z\"},\"nullCount\":{\"municipio_id\":0,\"safra_id\":0,\"valor\":0,\"_data_ingestao\":0},\"tightBounds\":true}","tags":{"INSERTION_TIME":"1756756365000004","MIN_INSERTION_TIME":"1756756365000004","MAX_INSERTION_TIME":"1756756365000004","OPTIMIZE_TARGET_SIZE":"268435456"}}}
{"add":{"path":"ano=2022/safra=Milho%20(em%20grão)%20-%201ª%20safra/part-00005-4d6d62d4-5f5e-491c-8f2c-100e92e7fdf1.c000.snappy.parquet","partitionValues":{"ano":"2022","safra":"Milho (em grão) - 1ª safra"},"size":13414,"modificationTime":1756756365000,"dataChange":true,"stats":"{\"numRecords\":2541,\"minValues\":{\"municipio_id\":3100104,\"safra_id\":114253,\"valor\":1,\"_data_ingestao\":\"2025-09-01T12:35:12.637Z\"},\"maxValues\":{\"municipio_id\":3172202,\"safra_id\":114253,\"valor\":357000,\"_data_ingestao\":\"2025-09-01T12:35:12.637Z\"},\"nullCount\":{\"municipio_id\":0,\"safra_id\":0,\"valor\":0,\"_data_ingestao\":0},\"tightBounds\":true}","tags":{"INSERTION_TIME":"1756756365000005","MIN_INSERTION_TIME":"1756756365000005","MAX_INSERTION_TIME":"1756756365000005","OPTIMIZE_TARGET_SIZE":"268435456"}}}
{"add":{"path":"ano=2018/safra=Milho%20(em%20grão)%20-%202ª%20safra/part-00006-bd017913-911c-4ae5-95ae-2485b742fc46.c000.snappy.parquet","partitionValues":{"ano":"2018","safra":"Milho (em grão) - 2ª safra"},"size":3499,"modificationTime":1756756365000,"dataChange":true,"stats":"{\"numRecords\":513,\"minValues\":{\"municipio_id\":3100104,\"safra_id\":114254,\"valor\":3,\"_data_ingestao\":\"2025-09-01T12:35:12.637Z\"},\"maxValues\":{\"municipio_id\":3171709,\"safra_id\":114254,\"valor\":182400,\"_data_ingestao\":\"2025-09-01T12:35:12.637Z\"},\"nullCount\":{\"municipio_id\":0,\"safra_id\":0,\"valor\":0,\"_data_ingestao\":0},\"tightBounds\":true}","tags":{"INSERTION_TIME":"1756756365000006","MIN_INSERTION_TIME":"1756756365000006","MAX_INSERTION_TIME":"1756756365000006","OPTIMIZE_TARGET_SIZE":"268435456"}}}
{"add":{"path":"ano=2014/safra=Milho%20(em%20grão)%20-%202ª%20safra/part-00007-e060cc7f-7a17-4e39-9e39-9cee57d04987.c000.snappy.parquet","partitionValues":{"ano":"2014","safra":"Milho (em grão) - 2ª safra"},"size":3355,"modificationTime":1756756365000,"dataChange":true,"stats":"{\"numRecords\":492,\"minValues\":{\"municipio_id\":3100104,\"safra_id\":114254,\"valor\":4,\"_data_ingestao\":\"2025-09-01T12:35:12.637Z\"},\"maxValues\":{\"municipio_id\":3171709,\"safra_id\":114254,\"valor\":184800,\"_data_ingestao\":\"2025-09-01T12:35:12.637Z\"},\"nullCount\":{\"municipio_id\":0,\"safra_id\":0,\"valor\":0,\"_data_ingestao\":0},\"tightBounds\":true}","tags":{"INSERTION_TIME":"1756756365000007","MIN_INSERTION_TIME":"1756756365000007","MAX_INSERTION_TIME":"1756756365000007","OPTIMIZE_TARGET_SIZE":"268435456"}}}
{"add":{"path":"ano=2020/safra=Milho%20(em%20grão)%20-%202ª%20safra/part-00008-90462565-5a0e-4d26-a926-902af3af529e.c000.snappy.parquet","partitionValues":{"ano":"2020","safra":"Milho (em grão) - 2ª safra"},"size":3499,"modificationTime":1756756365000,"dataChange":true,"stats":"{\"numRecords\":510,\"minValues\":{\"municipio_id\":3100104,\"safra_id\":114254,\"valor\":2,\"_data_ingestao\":\"2025-09-01T12:35:12.637Z\"},\"maxValues\":{\"municipio_id\":3171709,\"safra_id\":114254,\"valor\":315000,\"_data_ingestao\":\"2025-09-01T12:35:12.637Z\"},\"nullCount\":{\"municipio_id\":0,\"safra_id\":0,\"valor\":0,\"_data_ingestao\":0},\"tightBounds\":true}","tags":{"INSERTION_TIME":"1756756365000008","MIN_INSERTION_TIME":"1756756365000008","MAX_INSERTION_TIME":"1756756365000008","OPTIMIZE_TARGET_SIZE":"268435456"}}}
{"add":{"path":"ano=2015/safra=Milho%20(em%20grão)%20-%202ª%20safra/part-00009-3a47f0eb-b9f4-4981-8369-6504c3900667.c000.snappy.parquet","partitionValues":{"ano":"2015","safra":"Milho (em grão) - 2ª safra"},"size":3418,"modificationTime":1756756365000,"dataChange":true,"stats":"{\"numRecords\":519,\"minValues\":{\"municipio_id\":3100104,\"safra_id\":114254,\"valor\":2,\"_data_ingestao\":\"2025-09-01T12:35:12.637Z\"},\"maxValues\":{\"municipio_id\":3171709,\"safra_id\":114254,\"valor\":180000,\"_data_ingestao\":\"2025-09-01T12:35:12.637Z\"},\"nullCount\":{\"municipio_id\":0,\"safra_id\":0,\"valor\":0,\"_data_ingestao\":0},\"tightBounds\":true}","tags":{"INSERTION_TIME":"1756756365000009","MIN_INSERTION_TIME":"1756756365000009","MAX_INSERTION_TIME":"1756756365000009","OPTIMIZE_TARGET_SIZE":"268435456"}}}
{"add":{"path":"ano=2012/safra=Milho%20(em%20grão)%20-%202ª%20safra/part-00010-ed283a23-b86b-459b-830f-42a38441f5cb.c000.snappy.parquet","partitionValues":{"ano":"2012","safra":"Milho (em grão) - 2ª safra"},"size":3096,"modificationTime":1756756365000,"dataChange":true,"stats":"{\"numRecords\":378,\"minValues\":{\"municipio_id\":3100906,\"safra_id\":114254,\"valor\":1,\"_data_ingestao\":\"2025-09-01T12:35:12.637Z\"},\"maxValues\":{\"municipio_id\":3171709,\"safra_id\":114254,\"valor\":122400,\"_data_ingestao\":\"2025-09-01T12:35:12.637Z\"},\"nullCount\":{\"municipio_id\":0,\"safra_id\":0,\"valor\":0,\"_data_ingestao\":0},\"tightBounds\":true}","tags":{"INSERTION_TIME":"1756756365000010","MIN_INSERTION_TIME":"1756756365000010","MAX_INSERTION_TIME":"1756756365000010","OPTIMIZE_TARGET_SIZE":"268435456"}}}
{"add":{"path":"ano=2021/safra=Milho%20(em%20grão)%20-%202ª%20safra/part-00011-34a8d3f2-b789-4d06-8a70-8fa2bd24ebbd.c000.snappy.parquet","partitionValues":{"ano":"2021","safra":"Milho (em grão) - 2ª safra"},"size":3602,"modificationTime":1756756365000,"dataChange":true,"stats":"{\"numRecords\":507,\"minValues\":{\"municipio_id\":3100104,\"safra_id\":114254,\"valor\":10,\"_data_ingestao\":\"2025-09-01T12:35:12.637Z\"},\"maxValues\":{\"municipio_id\":3171709,\"safra_id\":114254,\"valor\":134280,\"_data_ingestao\":\"2025-09-01T12:35:12.637Z\"},\"nullCount\":{\"municipio_id\":0,\"safra_id\":0,\"valor\":0,\"_data_ingestao\":0},\"tightBounds\":true}","tags":{"INSERTION_TIME":"1756756365000011","MIN_INSERTION_TIME":"1756756365000011","MAX_INSERTION_TIME":"1756756365000011","OPTIMIZE_TARGET_SIZE":"268435456"}}}
{"add":{"path":"ano=2022/safra=Milho%20(em%20grão)%20-%202ª%20safra/part-00012-78164b08-5d7f-451a-962e-1a517b60077d.c000.snappy.parquet","partitionValues":{"ano":"2022","safra":"Milho (em grão) - 2ª safra"},"size":3683,"modificationTime":1756756365000,"dataChange":true,"stats":"{\"numRecords\":498,\"minValues\":{\"municipio_id\":3100104,\"safra_id\":114254,\"valor\":5,\"_data_ingestao\":\"2025-09-01T12:35:12.637Z\"},\"maxValues\":{\"municipio_id\":3171709,\"safra_id\":114254,\"valor\":206250,\"_data_ingestao\":\"2025-09-01T12:35:12.637Z\"},\"nullCount\":{\"municipio_id\":0,\"safra_id\":0,\"valor\":0,\"_data_ingestao\":0},\"tightBounds\":true}","tags":{"INSERTION_TIME":"1756756365000012","MIN_INSERTION_TIME":"1756756365000012","MAX_INSERTION_TIME":"1756756365000012","OPTIMIZE_TARGET_SIZE":"268435456"}}}
{"add":{"path":"ano=2016/safra=Milho%20(em%20grão)%20-%201ª%20safra/part-00013-b20149ee-5f7f-4d4b-954f-fb0957e277b0.c000.snappy.parquet","partitionValues":{"ano":"2016","safra":"Milho (em grão) - 1ª safra"},"size":12256,"modificationTime":1756756366000,"dataChange":true,"stats":"{\"numRecords\":2457,\"minValues\":{\"municipio_id\":3100104,\"safra_id\":114253,\"valor\":2,\"_data_ingestao\":\"2025-09-01T12:35:12.637Z\"},\"maxValues\":{\"municipio_id\":3172202,\"safra_id\":114253,\"valor\":207000,\"_data_ingestao\":\"2025-09-01T12:35:12.637Z\"},\"nullCount\":{\"municipio_id\":0,\"safra_id\":0,\"valor\":0,\"_data_ingestao\":0},\"tightBounds\":true}","tags":{"INSERTION_TIME":"1756756365000013","MIN_INSERTION_TIME":"1756756365000013","MAX_INSERTION_TIME":"1756756365000013","OPTIMIZE_TARGET_SIZE":"268435456"}}}
{"add":{"path":"ano=2013/safra=Milho%20(em%20grão)%20-%201ª%20safra/part-00014-96182854-e952-49d1-bb87-ce7d3b762e85.c000.snappy.parquet","partitionValues":{"ano":"2013","safra":"Milho (em grão) - 1ª safra"},"size":12187,"modificationTime":1756756365000,"dataChange":true,"stats":"{\"numRecords\":2521,\"minValues\":{\"municipio_id\":3100104,\"safra_id\":114253,\"valor\":2,\"_data_ingestao\":\"2025-09-01T12:35:12.637Z\"},\"maxValues\":{\"municipio_id\":3172202,\"safra_id\":114253,\"valor\":442000,\"_data_ingestao\":\"2025-09-01T12:35:12.637Z\"},\"nullCount\":{\"municipio_id\":0,\"safra_id\":0,\"valor\":0,\"_data_ingestao\":0},\"tightBounds\":true}","tags":{"INSERTION_TIME":"1756756365000014","MIN_INSERTION_TIME":"1756756365000014","MAX_INSERTION_TIME":"1756756365000014","OPTIMIZE_TARGET_SIZE":"268435456"}}}
{"add":{"path":"ano=2018/safra=Milho%20(em%20grão)%20-%201ª%20safra/part-00015-86d25da5-646f-472f-ab7a-dc2712de1c83.c000.snappy.parquet","partitionValues":{"ano":"2018","safra":"Milho (em grão) - 1ª safra"},"size":12263,"modificationTime":1756756366000,"dataChange":true,"stats":"{\"numRecords\":2526,\"minValues\":{\"municipio_id\":3100104,\"safra_id\":114253,\"valor\":1,\"_data_ingestao\":\"2025-09-01T12:35:12.637Z\"},\"maxValues\":{\"municipio_id\":3172202,\"safra_id\":114253,\"valor\":198000,\"_data_ingestao\":\"2025-09-01T12:35:12.637Z\"},\"nullCount\":{\"municipio_id\":0,\"safra_id\":0,\"valor\":0,\"_data_ingestao\":0},\"tightBounds\":true}","tags":{"INSERTION_TIME":"1756756365000015","MIN_INSERTION_TIME":"1756756365000015","MAX_INSERTION_TIME":"1756756365000015","OPTIMIZE_TARGET_SIZE":"268435456"}}}
{"add":{"path":"ano=2016/safra=Milho%20(em%20grão)%20-%202ª%20safra/part-00016-839672c0-d976-4cf4-bdd7-3f8c59d652bc.c000.snappy.parquet","partitionValues":{"ano":"2016","safra":"Milho (em grão) - 2ª safra"},"size":3764,"modificationTime":1756756366000,"dataChange":true,"stats":"{\"numRecords\":603,\"minValues\":{\"municipio_id\":3100104,\"safra_id\":114254,\"valor\":4,\"_data_ingestao\":\"2025-09-01T12:35:12.637Z\"},\"maxValues\":{\"municipio_id\":3171709,\"safra_id\":114254,\"valor\":69000,\"_data_ingestao\":\"2025-09-01T12:35:12.637Z\"},\"nullCount\":{\"municipio_id\":0,\"safra_id\":0,\"valor\":0,\"_data_ingestao\":0},\"tightBounds\":true}","tags":{"INSERTION_TIME":"1756756365000016","MIN_INSERTION_TIME":"1756756365000016","MAX_INSERTION_TIME":"1756756365000016","OPTIMIZE_TARGET_SIZE":"268435456"}}}
{"add":{"path":"ano=2012/safra=Milho%20(em%20grão)%20-%201ª%20safra/part-00017-43aec14d-33fc-45fa-b5c2-e1d501dfe69e.c000.snappy.parquet","partitionValues":{"ano":"2012","safra":"Milho (em grão) - 1ª safra"},"size":13326,"modificationTime":1756756366000,"dataChange":true,"stats":"{\"numRecords\":2530,\"minValues\":{\"municipio_id\":3100104,\"safra_id\":114253,\"valor\":1,\"_data_ingestao\":\"2025-09-01T12:35:12.637Z\"},\"maxValues\":{\"municipio_id\":3172202,\"safra_id\":114253,\"valor\":442000,\"_data_ingestao\":\"2025-09-01T12:35:12.637Z\"},\"nullCount\":{\"municipio_id\":0,\"safra_id\":0,\"valor\":0,\"_data_ingestao\":0},\"tightBounds\":true}","tags":{"INSERTION_TIME":"1756756365000017","MIN_INSERTION_TIME":"1756756365000017","MAX_INSERTION_TIME":"1756756365000017","OPTIMIZE_TARGET_SIZE":"268435456"}}}
{"add":{"path":"ano=2010/safra=Milho%20(em%20grão)%20-%202ª%20safra/part-00018-ec4acac5-1aba-412c-a01f-b73295a4c929.c000.snappy.parquet","partitionValues":{"ano":"2010","safra":"Milho (em grão) - 2ª safra"},"size":2642,"modificationTime":1756756366000,"dataChange":true,"stats":"{\"numRecords\":273,\"minValues\":{\"municipio_id\":3101102,\"safra_id\":114254,\"valor\":2,\"_data_ingestao\":\"2025-09-01T12:35:12.637Z\"},\"maxValues\":{\"municipio_id\":3171709,\"safra_id\":114254,\"valor\":85000,\"_data_ingestao\":\"2025-09-01T12:35:12.637Z\"},\"nullCount\":{\"municipio_id\":0,\"safra_id\":0,\"valor\":0,\"_data_ingestao\":0},\"tightBounds\":true}","tags":{"INSERTION_TIME":"1756756365000018","MIN_INSERTION_TIME":"1756756365000018","MAX_INSERTION_TIME":"1756756365000018","OPTIMIZE_TARGET_SIZE":"268435456"}}}
{"add":{"path":"ano=2015/safra=Milho%20(em%20grão)%20-%201ª%20safra/part-00019-439e920b-c8ef-4884-b92d-8111436dded4.c000.snappy.parquet","partitionValues":{"ano":"2015","safra":"Milho (em grão) - 1ª safra"},"size":12093,"modificationTime":1756756366000,"dataChange":true,"stats":"{\"numRecords\":2471,\"minValues\":{\"municipio_id\":3100104,\"safra_id\":114253,\"valor\":1,\"_data_ingestao\":\"2025-09-01T12:35:12.637Z\"},\"maxValues\":{\"municipio_id\":3172202,\"safra_id\":114253,\"valor\":284280,\"_data_ingestao\":\"2025-09-01T12:35:12.637Z\"},\"nullCount\":{\"municipio_id\":0,\"safra_id\":0,\"valor\":0,\"_data_ingestao\":0},\"tightBounds\":true}","tags":{"INSERTION_TIME":"1756756365000019","MIN_INSERTION_TIME":"1756756365000019","MAX_INSERTION_TIME":"1756756365000019","OPTIMIZE_TARGET_SIZE":"268435456"}}}
{"add":{"path":"ano=2021/safra=Milho%20(em%20grão)%20-%201ª%20safra/part-00020-09616240-bbd3-44bb-8698-781c9c6a6e95.c000.snappy.parquet","partitionValues":{"ano":"2021","safra":"Milho (em grão) - 1ª safra"},"size":13477,"modificationTime":1756756365000,"dataChange":true,"stats":"{\"numRecords\":2535,\"minValues\":{\"municipio_id\":3100104,\"safra_id\":114253,\"valor\":2,\"_data_ingestao\":\"2025-09-01T12:35:12.637Z\"},\"maxValues\":{\"municipio_id\":3172202,\"safra_id\":114253,\"valor\":312000,\"_data_ingestao\":\"2025-09-01T12:35:12.637Z\"},\"nullCount\":{\"municipio_id\":0,\"safra_id\":0,\"valor\":0,\"_data_ingestao\":0},\"tightBounds\":true}","tags":{"INSERTION_TIME":"1756756365000020","MIN_INSERTION_TIME":"1756756365000020","MAX_INSERTION_TIME":"1756756365000020","OPTIMIZE_TARGET_SIZE":"268435456"}}}
{"add":{"path":"ano=2011/safra=Milho%20(em%20grão)%20-%202ª%20safra/part-00021-7455fd4c-60c2-458d-b819-ce03194414c3.c000.snappy.parquet","partitionValues":{"ano":"2011","safra":"Milho (em grão) - 2ª safra"},"size":2764,"modificationTime":1756756366000,"dataChange":true,"stats":"{\"numRecords\":384,\"minValues\":{\"municipio_id\":3100906,\"safra_id\":114254,\"valor\":2,\"_data_ingestao\":\"2025-09-01T12:35:12.637Z\"},\"maxValues\":{\"municipio_id\":3171709,\"safra_id\":114254,\"valor\":72000,\"_data_ingestao\":\"2025-09-01T12:35:12.637Z\"},\"nullCount\":{\"municipio_id\":0,\"safra_id\":0,\"valor\":0,\"_data_ingestao\":0},\"tightBounds\":true}","tags":{"INSERTION_TIME":"1756756365000021","MIN_INSERTION_TIME":"1756756365000021","MAX_INSERTION_TIME":"1756756365000021","OPTIMIZE_TARGET_SIZE":"268435456"}}}
{"add":{"path":"ano=2017/safra=Milho%20(em%20grão)%20-%202ª%20safra/part-00022-d7a15cf5-9525-4137-a444-6fbe77e395a2.c000.snappy.parquet","partitionValues":{"ano":"2017","safra":"Milho (em grão) - 2ª safra"},"size":3341,"modificationTime":1756756366000,"dataChange":true,"stats":"{\"numRecords\":423,\"minValues\":{\"municipio_id\":3100104,\"safra_id\":114254,\"valor\":4,\"_data_ingestao\":\"2025-09-01T12:35:12.637Z\"},\"maxValues\":{\"municipio_id\":3171709,\"safra_id\":114254,\"valor\":173400,\"_data_ingestao\":\"2025-09-01T12:35:12.637Z\"},\"nullCount\":{\"municipio_id\":0,\"safra_id\":0,\"valor\":0,\"_data_ingestao\":0},\"tightBounds\":true}","tags":{"INSERTION_TIME":"1756756365000022","MIN_INSERTION_TIME":"1756756365000022","MAX_INSERTION_TIME":"1756756365000022","OPTIMIZE_TARGET_SIZE":"268435456"}}}
{"add":{"path":"ano=2013/safra=Milho%20(em%20grão)%20-%202ª%20safra/part-00023-80e34580-a42c-4dd8-a816-7cd791b1e4ed.c000.snappy.parquet","partitionValues":{"ano":"2013","safra":"Milho (em grão) - 2ª safra"},"size":2997,"modificationTime":1756756366000,"dataChange":true,"stats":"{\"numRecords\":402,\"minValues\":{\"municipio_id\":3101706,\"safra_id\":114254,\"valor\":4,\"_data_ingestao\":\"2025-09-01T12:35:12.637Z\"},\"maxValues\":{\"municipio_id\":3171709,\"safra_id\":114254,\"valor\":113400,\"_data_ingestao\":\"2025-09-01T12:35:12.637Z\"},\"nullCount\":{\"municipio_id\":0,\"safra_id\":0,\"valor\":0,\"_data_ingestao\":0},\"tightBounds\":true}","tags":{"INSERTION_TIME":"1756756365000023","MIN_INSERTION_TIME":"1756756365000023","MAX_INSERTION_TIME":"1756756365000023","OPTIMIZE_TARGET_SIZE":"268435456"}}}
{"add":{"path":"ano=2020/safra=Milho%20(em%20grão)%20-%201ª%20safra/part-00024-47fe11a8-67cb-4bcd-a504-8e36d2f6cabe.c000.snappy.parquet","partitionValues":{"ano":"2020","safra":"Milho (em grão) - 1ª safra"},"size":13414,"modificationTime":1756756366000,"dataChange":true,"stats":"{\"numRecords\":2535,\"minValues\":{\"municipio_id\":3100104,\"safra_id\":114253,\"valor\":2,\"_data_ingestao\":\"2025-09-01T12:35:12.637Z\"},\"maxValues\":{\"municipio_id\":3172202,\"safra_id\":114253,\"valor\":288000,\"_data_ingestao\":\"2025-09-01T12:35:12.637Z\"},\"nullCount\":{\"municipio_id\":0,\"safra_id\":0,\"valor\":0,\"_data_ingestao\":0},\"tightBounds\":true}","tags":{"INSERTION_TIME":"1756756365000024","MIN_INSERTION_TIME":"1756756365000024","MAX_INSERTION_TIME":"1756756365000024","OPTIMIZE_TARGET_SIZE":"268435456"}}}
{"add":{"path":"ano=2023/safra=Milho%20(em%20grão)%20-%202ª%20safra/part-00025-a809f05b-edd1-4191-9214-7595cde5068d.c000.snappy.parquet","partitionValues":{"ano":"2023","safra":"Milho (em grão) - 2ª safra"},"size":3644,"modificationTime":1756756366000,"dataChange":true,"stats":"{\"numRecords\":534,\"minValues\":{\"municipio_id\":3100104,\"safra_id\":114254,\"valor\":5,\"_data_ingestao\":\"2025-09-01T12:35:12.637Z\"},\"maxValues\":{\"municipio_id\":3171709,\"safra_id\":114254,\"valor\":245850,\"_data_ingestao\":\"2025-09-01T12:35:12.637Z\"},\"nullCount\":{\"municipio_id\":0,\"safra_id\":0,\"valor\":0,\"_data_ingestao\":0},\"tightBounds\":true}","tags":{"INSERTION_TIME":"1756756365000025","MIN_INSERTION_TIME":"1756756365000025","MAX_INSERTION_TIME":"1756756365000025","OPTIMIZE_TARGET_SIZE":"268435456"}}}
{"add":{"path":"ano=2019/safra=Milho%20(em%20grão)%20-%201ª%20safra/part-00026-d8c37e6c-46ba-40a3-9b1c-b22b9d729c7c.c000.snappy.parquet","partitionValues":{"ano":"2019","safra":"Milho (em grão) - 1ª safra"},"size":12785,"modificationTime":1756756366000,"dataChange":true,"stats":"{\"numRecords\":2535,\"minValues\":{\"municipio_id\":3100104,\"safra_id\":114253,\"valor\":1,\"_data_ingestao\":\"2025-09-01T12:35:12.637Z\"},\"maxValues\":{\"municipio_id\":3172202,\"safra_id\":114253,\"valor\":180000,\"_data_ingestao\":\"2025-09-01T12:35:12.637Z\"},\"nullCount\":{\"municipio_id\":0,\"safra_id\":0,\"valor\":0,\"_data_ingestao\":0},\"tightBounds\":true}","tags":{"INSERTION_TIME":"1756756365000026","MIN_INSERTION_TIME":"1756756365000026","MAX_INSERTION_TIME":"1756756365000026","OPTIMIZE_TARGET_SIZE":"268435456"}}}
{"add":{"path":"ano=2011/safra=Milho%20(em%20grão)%20-%201ª%20safra/part-00027-239e7f4f-8766-4612-a416-a0c1ec4845aa.c000.snappy.parquet","partitionValues":{"ano":"2011","safra":"Milho (em grão) - 1ª safra"},"size":13278,"modificationTime":1756756365000,"dataChange":true,"stats":"{\"numRecords\":2529,\"minValues\":{\"municipio_id\":3100104,\"safra_id\":114253,\"valor\":0,\"_data_ingestao\":\"2025-09-01T12:35:12.637Z\"},\"maxValues\":{\"municipio_id\":3172202,\"safra_id\":114253,\"valor\":327750,\"_data_ingestao\":\"2025-09-01T12:35:12.637Z\"},\"nullCount\":{\"municipio_id\":0,\"safra_id\":0,\"valor\":0,\"_data_ingestao\":0},\"tightBounds\":true}","tags":{"INSERTION_TIME":"1756756365000027","MIN_INSERTION_TIME":"1756756365000027","MAX_INSERTION_TIME":"1756756365000027","OPTIMIZE_TARGET_SIZE":"268435456"}}}
