{"commitInfo":{"timestamp":1756756511316,"userId":"72631876083143","userName":"gabriel.aquino1608@gmail.com","operation":"WRITE","operationParameters":{"mode":"Overwrite","statsOnLoad":false,"partitionBy":"[]"},"notebook":{"notebookId":"1652168670128864"},"clusterId":"0901-194644-d1a2mt6w-v2n","isolationLevel":"WriteSerializable","isBlindAppend":false,"operationMetrics":{"numFiles":"1","numRemovedFiles":"0","numRemovedBytes":"0","numOutputRows":"853","numOutputBytes":"42756"},"tags":{"noRowsCopied":"true","restoresDeletedRows":"false"},"engineInfo":"Databricks-Runtime/17.1.x-photon-scala2.13","txnId":"99bccef5-a9bf-4f02-99ad-90677c714335"}}
{"metaData":{"id":"d381e82e-0fa0-45b7-a675-d15cb98b6422","format":{"provider":"parquet","options":{}},"schemaString":"{\"type\":\"struct\",\"fields\":[{\"name\":\"municipio_id\",\"type\":\"long\",\"nullable\":true,\"metadata\":{}},{\"name\":\"nome\",\"type\":\"string\",\"nullable\":true,\"metadata\":{}},{\"name\":\"microrregiao_id\",\"type\":\"long\",\"nullable\":true,\"metadata\":{}},{\"name\":\"microrregiao\",\"type\":\"string\",\"nullable\":true,\"metadata\":{}},{\"name\":\"mesorregiao_id\",\"type\":\"long\",\"nullable\":true,\"metadata\":{}},{\"name\":\"mesorregiao\",\"type\":\"string\",\"nullable\":true,\"metadata\":{}},{\"name\":\"uf_id\",\"type\":\"long\",\"nullable\":true,\"metadata\":{}},{\"name\":\"estado\",\"type\":\"string\",\"nullable\":true,\"metadata\":{}},{\"name\":\"regiao_id\",\"type\":\"long\",\"nullable\":true,\"metadata\":{}},{\"name\":\"regiao_sigla\",\"type\":\"string\",\"nullable\":true,\"metadata\":{}},{\"name\":\"regiao\",\"type\":\"string\",\"nullable\":true,\"metadata\":{}},{\"name\":\"regiao_imediata_id\",\"type\":\"long\",\"nullable\":true,\"metadata\":{}},{\"name\":\"regiao_imediata\",\"type\":\"string\",\"nullable\":true,\"metadata\":{}},{\"name\":\"regiao_intermediaria_id\",\"type\":\"long\",\"nullable\":true,\"metadata\":{}},{\"name\":\"regiao_intermediaria\",\"type\":\"string\",\"nullable\":true,\"metadata\":{}},{\"name\":\"uf\",\"type\":\"string\",\"nullable\":true,\"metadata\":{}},{\"name\":\"_data_ingestao\",\"type\":\"timestamp\",\"nullable\":true,\"metadata\":{}},{\"name\":\"ddd\",\"type\":\"long\",\"nullable\":true,\"metadata\":{}},{\"name\":\"latitude\",\"type\":\"double\",\"nullable\":true,\"metadata\":{}},{\"name\":\"longitude\",\"type\":\"double\",\"nullable\":true,\"metadata\":{}},{\"name\":\"siafi_id\",\"type\":\"long\",\"nullable\":true,\"metadata\":{}}]}","partitionColumns":[],"configuration":{"delta.enableDeletionVectors":"true"},"createdTime":1756756509626}}
{"protocol":{"minReaderVersion":3,"minWriterVersion":7,"readerFeatures":["deletionVectors"],"writerFeatures":["deletionVectors","appendOnly","invariants"]}}
{"add":{"path":"part-00000-0a734b6f-9ab3-4282-92e2-4e090d5c88d7.c000.snappy.parquet","partitionValues":{},"size":42756,"modificationTime":1756756511000,"dataChange":true,"stats":"{\"numRecords\":853,\"minValues\":{\"municipio_id\":3100104,\"nome\":\"Abadia dos Dourados\",\"microrregiao_id\":31001,\"microrregiao\":\"Aimorés\",\"mesorregiao_id\":3101,\"mesorregiao\":\"Campo das Vertentes\",\"uf_id\":31,\"estado\":\"Minas Gerais\",\"regiao_id\":3,\"regiao_sigla\":\"SE\",\"regiao\":\"Sudeste\",\"regiao_imediata_id\":310001,\"regiao_imediata\":\"Abaeté\",\"regiao_intermediaria_id\":3101,\"regiao_intermediaria\":\"Barbacena\",\"uf\":\"MG\",\"_data_ingestao\":\"2025-09-01T12:22:06.442Z\",\"ddd\":31,\"latitude\":-22.854,\"longitude\":-50.6894,\"siafi_id\":564},\"maxValues\":{\"municipio_id\":3172202,\"nome\":\"Águas Vermelhas\",\"microrregiao_id\":31066,\"microrregiao\":\"Viçosa\",\"mesorregiao_id\":3112,\"mesorregiao\":\"Zona da Mata\",\"uf_id\":31,\"estado\":\"Minas Gerais\",\"regiao_id\":3,\"regiao_sigla\":\"SE\",\"regiao\":\"Sudeste\",\"regiao_imediata_id\":310070,\"regiao_imediata\":\"Águas Formosas\",\"regiao_intermediaria_id\":3113,\"regiao_intermediaria\":\"Varginha\",\"uf\":\"MG\",\"_data_ingestao\":\"2025-09-01T12:22:06.442Z\",\"ddd\":38,\"latitude\":-14.2662,\"longitude\":-39.9391,\"siafi_id\":5731},\"nullCount\":{\"municipio_id\":0,\"nome\":0,\"microrregiao_id\":0,\"microrregiao\":0,\"mesorregiao_id\":0,\"mesorregiao\":0,\"uf_id\":0,\"estado\":0,\"regiao_id\":0,\"regiao_sigla\":0,\"regiao\":0,\"regiao_imediata_id\":0,\"regiao_imediata\":0,\"regiao_intermediaria_id\":0,\"regiao_intermediaria\":0,\"uf\":0,\"_data_ingestao\":0,\"ddd\":0,\"latitude\":0,\"longitude\":0,\"siafi_id\":0},\"tightBounds\":true}","tags":{"INSERTION_TIME":"1756756511000000","MIN_INSERTION_TIME":"1756756511000000","MAX_INSERTION_TIME":"1756756511000000","OPTIMIZE_TARGET_SIZE":"268435456"}}}
